Date,Oil_Price,Stock_Index,Gold_Price,CO2_Emissions,Inflation,Exchange_Rate,Conflict_Intensity,Event_Flag
2025-01-01,73.12999725341797,5868.5498046875,2658.89990234375,35.04967141530112,3.0057707212718054,42046.38147718185,15.312624596215725,None
2025-01-02,73.12999725341797,5868.5498046875,2658.89990234375,35.00922908760119,3.0037402674113753,42058.97877147221,0.0,None
2025-01-03,73.95999908447266,5942.47021484375,2645.0,35.1108676322982,3.0074517261450886,42105.61077533299,5.12109728336379,None
2025-01-04,73.95999908447266,5942.47021484375,2645.0,35.22142051751789,3.0014118742779305,42111.574946327564,12.061102777077146,None
2025-01-05,73.95999908447266,5942.47021484375,2645.0,35.06868420300928,3.0022777721526595,42125.50670584337,4.6017930437714245,None
2025-01-06,73.55999755859375,5975.3798828125,2638.39990234375,35.09161889073778,3.0007209997987387,42035.59667161676,7.26185898124867,None
2025-01-07,74.25,5909.02978515625,2656.699951171875,35.29582575944194,3.0123988204153367,42091.413055351884,0.0,None
2025-01-08,73.31999969482422,5918.25,2664.5,35.23744652844469,3.0149430288483487,42118.73747914679,7.141535486038243,None
2025-01-09,73.91999816894531,5918.25,2683.800048828125,35.13646876040173,3.018319055469101,42178.63798463977,4.064278674977256,None
2025-01-10,76.56999969482422,5827.0400390625,2708.5,35.260287837714394,3.0142002858078762,42043.82521573008,9.928649978399314,None
2025-01-11,76.56999969482422,5827.0400390625,2708.5,35.18219616623544,3.0093242235671513,42158.24395096912,10.936930257823755,None
2025-01-12,76.56999969482422,5827.0400390625,2708.5,35.204349565256855,3.004998641688955,42161.26446956136,17.947818210093068,None
2025-01-13,78.81999969482422,5836.22021484375,2673.5,35.297369975531105,3.008943163112738,42226.67361039824,7.898165866067878,None
2025-01-14,77.5,5842.91015625,2677.5,35.103951704977625,3.0047333183045355,42184.678314041965,6.628981582910832,None
2025-01-15,80.04000091552734,5949.91015625,2712.5,35.14473694842063,3.0076310668734996,42225.31700929509,5.97192150788668,None
2025-01-16,78.68000030517578,5937.33984375,2746.39990234375,35.28278033344161,3.028385074859954,42182.64623113641,3.234168535946558,None
2025-01-17,77.87999725341797,5996.66015625,2744.300048828125,35.259326102454594,3.037096321894271,42161.457783101614,6.692419217308456,None
2025-01-18,77.87999725341797,5996.66015625,2744.300048828125,35.41344236607517,3.033836086572592,42267.15935079496,3.522992949304853,None
2025-01-19,77.87999725341797,5996.66015625,2744.300048828125,35.31242055249132,3.0458482257942316,42267.62523075679,5.842304881348071,None
2025-01-20,77.87999725341797,5996.66015625,2744.300048828125,35.28298355270165,3.0417674720640164,42288.496874415774,11.587987678039799,None
2025-01-21,75.88999938964844,6049.240234375,2755.0,35.59154423870881,3.0213862267122376,42342.00026095021,0.0,None
2025-01-22,75.44000244140625,6086.3701171875,2767.60009765625,35.44293060745969,3.011305363603064,42376.78435534884,10.699392805645227,None
2025-01-23,74.62000274658203,6118.7099609375,2763.10009765625,35.492542456663024,2.992597444392805,42394.30530060602,11.585575336699327,None
2025-01-24,74.66000366210938,6101.240234375,2777.300048828125,35.36333795710263,2.989082309552392,42422.55335072934,4.409657365044606,None
2025-01-25,74.66000366210938,6101.240234375,2777.300048828125,35.47112873879235,2.9892664933442874,42552.72412999125,0.0,None
2025-01-26,74.66000366210938,6101.240234375,2777.300048828125,35.55613409983198,3.0060308664670403,42559.84319013957,1.9608900645278378,None
2025-01-27,73.16999816894531,6012.27978515625,2737.5,35.44912755347407,3.009300140204682,42579.898142475315,11.484972732805545,None
2025-01-28,73.7699966430664,6067.7001953125,2766.800048828125,35.62068182483334,3.0071091349165933,42642.430862275694,4.885659688505589,None
2025-01-29,72.62000274658203,6039.31005859375,2769.10009765625,35.541623267370746,3.015403190728428,42707.70715892359,0.003488838525446347,None
2025-01-30,72.7300033569336,6071.169921875,2823.0,35.59077300128644,2.9932918376383495,42777.05867420162,2.4761253938589127,None
2025-01-31,72.52999877929688,6040.52978515625,2812.5,35.57769737649671,2.995647983219435,42818.99518530307,9.203100132522765,None
2025-02-01,72.52999877929688,6040.52978515625,2812.5,35.84068240939962,3.0033566351583048,42771.84493966655,7.733667841006897,None
2025-02-02,72.52999877929688,6040.52978515625,2812.5,35.67134296398292,2.9885707727005064,42863.516516281605,3.8053395041515286,None
2025-02-03,73.16000366210938,5994.56982421875,2833.89990234375,35.583802067101466,3.0000083131325757,42816.19924663067,3.1658779409265625,None
2025-02-04,72.69999694824219,6037.8798828125,2853.300048828125,35.7883415286552,3.0033932772075196,42841.33101989262,3.0412092547808904,None
2025-02-05,71.02999877929688,6061.47998046875,2871.60009765625,35.60014117457083,2.999240398068512,42813.61722739165,0.3879490775074874,None
2025-02-06,70.61000061035156,6083.56982421875,2856.0,35.75886644619425,3.0055682167295745,42820.410310062005,13.076878447347209,None
2025-02-07,71.0,6025.990234375,2867.300048828125,35.557375290883094,3.0282751453076187,42846.84843057718,3.3883976539433007,None
2025-02-08,71.0,6025.990234375,2867.300048828125,35.63548541743234,3.0300938078582034,42872.91629134969,11.085792604127482,None
2025-02-09,71.0,6025.990234375,2867.300048828125,35.80254341337192,3.032576013721207,42904.01232906146,12.606580259612256,None
2025-02-10,72.31999969482422,6066.43994140625,2914.300048828125,35.8708410267411,3.0279824047258046,42994.69789251439,9.991554490739802,None
2025-02-11,73.31999969482422,6068.5,2912.5,35.827844571650125,3.0194839610311566,43027.374607590085,2.841898436409758,None
2025-02-12,71.37000274658203,6051.97021484375,2909.0,35.81242529550698,3.027787319196599,43025.16677582556,7.0186504516830475,None
2025-02-13,71.29000091552734,6115.06982421875,2925.89990234375,35.80672407854737,3.0192264809375104,43083.37113423998,4.879021968045419,None
2025-02-14,70.73999786376953,6114.6298828125,2883.60009765625,35.70138168917911,3.019942143309704,43152.844658686205,0.4814906963493595,None
2025-02-15,70.73999786376953,6114.6298828125,2883.60009765625,35.78919743135098,3.015165568842053,43101.464267929354,6.621796408608015,None
2025-02-16,70.73999786376953,6114.6298828125,2883.60009765625,35.826608111067245,3.019955367099517,43141.334271421845,0.0,None
2025-02-17,70.73999786376953,6114.6298828125,2883.60009765625,35.989410410283185,3.0232919881523865,43186.3929085374,10.938396942307818,None
2025-02-18,71.8499984741211,6129.580078125,2931.60009765625,35.928616417810034,3.0336673875949653,43181.5147333694,2.6769135135080346,None
2025-02-19,72.25,6144.14990234375,2919.39990234375,35.728031564128884,3.028567223606418,43260.300074034974,6.005798279364196,None
2025-02-20,72.56999969482422,6117.52001953125,2940.0,35.94634419770419,3.0258684742534845,43262.79729468335,6.416439357730711,None
2025-02-21,70.4000015258789,6013.1298828125,2937.60009765625,35.88454192036816,3.0160808370956613,43279.076117356926,3.7054751314796133,None
2025-02-22,70.4000015258789,6013.1298828125,2937.60009765625,35.86398157713143,3.0116379044949,43280.422526142735,7.933469007376374,None
2025-02-23,70.4000015258789,6013.1298828125,2937.60009765625,36.00096973134688,3.0154109094253485,43291.201478521805,2.6254817168873776,None
2025-02-24,70.69999694824219,5983.25,2947.89990234375,36.05053075531996,3.022980795591802,43246.387724177046,9.35648648728622,None
2025-02-25,68.93000030517578,5955.25,2904.5,36.04768383526893,3.013759142350026,43184.38518004733,0.0,None
2025-02-26,68.62000274658203,5956.06005859375,2916.800048828125,35.877251623144254,3.0224552015510824,43274.11043320858,5.631897897732059,None
2025-02-27,70.3499984741211,5861.56982421875,2883.199951171875,35.93635870373981,3.036011580139132,43241.76236579266,14.694644995291423,None
2025-02-28,69.76000213623047,5954.5,2836.800048828125,36.00599861765426,3.040145929171369,43202.192748319845,0.0,None
2025-03-01,69.76000213623047,5954.5,2836.800048828125,36.075501914707225,3.0589138872969497,43104.52324263966,1.6112751473757427,None
2025-03-02,69.76000213623047,5954.5,2836.800048828125,35.93458520190607,3.051175995305914,43082.57515525519,7.569539248294575,None
2025-03-03,68.37000274658203,5849.72021484375,2890.199951171875,35.96796962625191,3.0387294482728,43026.42066558481,5.89790890969799,None
2025-03-04,68.26000213623047,5778.14990234375,2909.60009765625,35.87941045527764,3.020942245783757,43118.52142359163,6.753150496367796,None
2025-03-05,66.30999755859375,5842.6298828125,2915.300048828125,35.873405384385,3.035902688898649,43179.01227805876,7.445935650738317,None
2025-03-06,66.36000061035156,5738.52001953125,2916.60009765625,36.07673280313878,3.0424463454621895,43154.60476079988,8.17360734280885,None
2025-03-07,67.04000091552734,5770.2001953125,2904.699951171875,36.13302917314761,3.0418904987530846,43277.22655106709,10.548499209781117,None
2025-03-08,67.04000091552734,5770.2001953125,2904.699951171875,35.99159885945241,3.044690185016283,43336.31482541667,7.049093284642563,None
2025-03-09,67.04000091552734,5770.2001953125,2904.699951171875,36.10001687318667,3.0334352945432994,43330.07325624124,3.7937117269072878,None
2025-03-10,66.02999877929688,5614.56005859375,2891.0,36.036159448983355,3.0578928143394677,43215.10297049756,8.362868506013656,None
2025-03-11,66.25,5572.06982421875,2912.89990234375,35.935284508753114,3.05918502615922,43339.6500991271,14.499409674476079,None
2025-03-12,67.68000030517578,5599.2998046875,2939.10009765625,36.03520516313988,3.0602789741052687,43280.17147578892,4.336831268087132,None
2025-03-13,66.55000305175781,5521.52001953125,2984.300048828125,36.15160724680822,3.0675366403442554,43207.901538441074,0.12735347664679253,None
2025-03-14,67.18000030517578,5638.93994140625,2994.5,35.99242851394099,3.072346732661623,43269.03006004156,10.535403346434864,None
2025-03-15,67.18000030517578,5638.93994140625,2994.5,36.15015350416918,3.074585572904414,43401.01768035852,4.398094180232009,None
2025-03-16,67.18000030517578,5638.93994140625,2994.5,35.7288643763882,3.066680828349961,43480.231321284045,0.0,None
2025-03-17,67.58000183105469,5675.1201171875,3000.0,36.06965212819007,3.0713955119213208,43518.426777286666,9.237108385752109,None
2025-03-18,66.9000015258789,5614.66015625,3035.10009765625,35.99226461358879,3.0902157568860713,43558.16449436993,2.3233590702303863,None
2025-03-19,67.16000366210938,5675.2900390625,3035.89990234375,35.949234313183126,3.103669957347621,43610.83527230894,4.547333588479196,None
2025-03-20,68.26000213623047,5662.89013671875,3040.0,35.98336573217707,3.119601823614015,43658.78170179828,6.659901652845073,None
2025-03-21,68.27999877929688,5667.56005859375,3018.199951171875,35.76996946329385,3.1144896668497033,43682.84127299675,5.952498398895332,None
2025-03-22,68.27999877929688,5667.56005859375,3018.199951171875,35.940780864577924,3.1045936186471175,43698.05132819434,8.547259085695197,None
2025-03-23,68.27999877929688,5667.56005859375,3018.199951171875,35.99196918572764,3.1033357494461207,43704.92167179937,2.822568147150783,None
2025-03-24,69.11000061035156,5767.56982421875,3013.10009765625,36.09704883520163,3.103892998569008,43677.22344235604,7.565528990880414,None
2025-03-25,69.0,5776.64990234375,3023.699951171875,35.889929258581645,3.1148349137537172,43673.18968851269,3.7022666120804137,None
2025-03-26,69.6500015258789,5712.2001953125,3020.89990234375,35.85290310621319,3.097910267456569,43598.541847802924,8.694052404437516,None
2025-03-27,69.91999816894531,5693.31005859375,3060.199951171875,35.875076539697545,3.113205770651175,43603.624866463186,8.076837420065267,None
2025-03-28,69.36000061035156,5580.93994140625,3086.5,36.00780034379215,3.1116256916653855,43564.19531110564,0.3228064897770233,None
2025-03-29,69.36000061035156,5580.93994140625,3086.5,35.939656021820824,3.107356880965911,43519.01584524485,10.42991058087516,None
2025-03-30,69.36000061035156,5580.93994140625,3086.5,35.843843599593214,3.0972358372133093,43538.01055280253,2.32018277442976,None
2025-03-31,71.4800033569336,5611.85009765625,3122.800048828125,35.93770829837518,3.0806872704946517,43617.610667119756,9.040288991405726,None
2025-04-01,71.19999694824219,5633.06982421875,3118.89990234375,35.88518002023434,3.088918976334271,43673.52649741987,6.836436567006703,None
2025-04-02,71.70999908447266,5670.97021484375,3139.89990234375,35.960962049409325,3.089652156006155,43605.00146723871,14.190918383975612,None
2025-04-03,66.94999694824219,5396.52001953125,3097.0,35.78205814795749,3.0767525470087445,43565.5200604102,3.882670088140739,None
2025-04-04,61.9900016784668,5074.080078125,3012.0,35.807210062937266,3.063801759288108,43622.558619809606,3.2534160194090127,None
2025-04-05,61.9900016784668,5074.080078125,3012.0,35.78803172800157,3.060443912295207,43583.43425013269,4.902901970561337,None
2025-04-06,61.9900016784668,5074.080078125,3012.0,35.66771752928928,3.077134127548101,43582.20259263284,3.4841010858286228,None
2025-04-07,60.70000076293945,5062.25,2951.300048828125,35.83007475107239,3.074538214034465,43619.70519758407,8.99970950971025,None
2025-04-08,59.58000183105469,4982.77001953125,2968.39990234375,35.81253640180749,3.059506784503284,43581.28797484089,0.0,None
2025-04-09,62.349998474121094,5456.89990234375,3056.5,35.7724922831549,3.0570493538624244,43596.556750148186,0.0,None
2025-04-10,60.06999969482422,5268.0498046875,3155.199951171875,35.73366188071658,3.0543221181649476,43539.85547540228,59.66098539210404,Airstrikes
2025-04-11,61.5,5363.35986328125,3222.199951171875,34.51451576859968,3.0330630066533746,43519.787093204715,64.04178304202544,None
2025-04-12,61.5,5363.35986328125,3222.199951171875,34.70165906685327,3.037686457885675,43545.77618991184,62.67691204758853,None
2025-04-13,61.5,5363.35986328125,3222.199951171875,34.78690387653096,3.040051864527364,43476.12650323526,48.926847148215714,None
2025-04-14,61.529998779296875,5405.97021484375,3204.800048828125,34.809124561883465,3.051243818654263,43508.15024013328,44.3750941461883,None
2025-04-15,61.33000183105469,5396.6298828125,3218.699951171875,34.932981322917456,3.073560742783097,43517.16835018694,41.74210039832391,None
2025-04-16,62.470001220703125,5275.7001953125,3326.60009765625,35.04162826628779,3.0882895344956904,43554.792847907804,43.73808967868254,None
2025-04-17,64.68000030517578,5282.7001953125,3308.699951171875,35.235013061328566,3.0887342275282994,43575.98855461104,30.158352556531703,None
2025-04-18,64.68000030517578,5282.7001953125,3308.699951171875,35.10271808924189,3.080504348821334,43654.19557610973,33.15158276070722,None
2025-04-19,64.68000030517578,5282.7001953125,3308.699951171875,35.14415276390622,3.10880350511643,43670.45680124212,34.270167733348096,None
2025-04-20,64.68000030517578,5282.7001953125,3308.699951171875,35.13888533131012,3.1117171025707244,43658.98652418586,29.578237319985764,None
2025-04-21,63.08000183105469,5158.2001953125,3406.199951171875,34.9776542832586,3.113956896938255,43675.10139933747,25.92017310487849,None
2025-04-22,64.30999755859375,5287.759765625,3400.800048828125,35.185781232626155,3.1156162583743083,43712.26630078929,28.076883177567833,None
2025-04-23,62.27000045776367,5375.85986328125,3276.300048828125,35.20944718931486,3.119316851114678,43724.70930430558,7.83574611704457,None
2025-04-24,62.790000915527344,5484.77001953125,3332.0,35.46118481159026,3.119429336740983,43736.73888886577,23.18519443415093,None
2025-04-25,63.02000045776367,5525.2099609375,3282.39990234375,35.20382776242107,3.115100724899771,43711.63930447544,15.11743119326867,None
2025-04-26,63.02000045776367,5525.2099609375,3282.39990234375,35.2584811242594,3.1109061540165936,43688.494258597886,7.96062659539704,None
2025-04-27,63.02000045776367,5525.2099609375,3282.39990234375,35.22744278122537,3.1117314009509487,43628.3639950079,18.517024440788983,None
2025-04-28,62.04999923706055,5528.75,3332.5,35.11420038913392,3.1073402313894802,43725.84283216725,21.786226019109982,None
2025-04-29,60.41999816894531,5560.830078125,3318.800048828125,35.343291173698084,3.1011555897026453,43673.64967039769,13.286874580219646,None
2025-04-30,58.209999084472656,5569.06005859375,3305.0,35.300129410054105,3.1030738921387258,43649.00441050789,17.884489730211456,None
2025-05-01,59.2400016784668,5604.14013671875,3210.0,35.29813521903464,3.1012968512635353,43623.08404722943,20.40877698512214,None
2025-05-02,58.290000915527344,5686.669921875,3231.89990234375,35.12052392937106,3.117035977342801,43677.83026607665,18.22276176966027,None
2025-05-03,58.290000915527344,5686.669921875,3231.89990234375,35.34265890356387,3.0911589381372426,43673.08278216205,19.21535327022519,None
2025-05-04,58.290000915527344,5686.669921875,3231.89990234375,35.05173550382277,3.102646460082471,43745.46988579574,14.153714652724211,None
2025-05-05,57.130001068115234,5650.3798828125,3311.300048828125,35.23889803011138,3.1156252892873777,43721.79535458354,10.302268111941892,None
2025-05-06,59.09000015258789,5606.91015625,3411.39990234375,35.386415580622796,3.0953600721878702,43745.74506269473,1.446585633374191,None
2025-05-07,58.06999969482422,5631.27978515625,3381.39990234375,35.054445695346985,3.0923572801755417,43713.977710031744,7.8020183237352425,None
2025-05-08,59.90999984741211,5663.93994140625,3296.60009765625,35.08206724785087,3.089026598522456,43831.23516642042,4.43237078093212,None
2025-05-09,61.02000045776367,5659.91015625,3335.39990234375,35.13301699209236,3.0752986921294063,43781.85524546894,19.1561067908735,None
2025-05-10,61.02000045776367,5659.91015625,3335.39990234375,35.05629777589919,3.06783469435481,43807.34628098029,7.107795039910154,None
2025-05-11,61.02000045776367,5659.91015625,3335.39990234375,34.93448608365949,3.0570132078586103,43849.035125026894,8.318976177535896,None
2025-05-12,61.95000076293945,5844.18994140625,3220.0,35.07869842081671,3.074793132197758,43879.72507989947,10.203159118904312,None
2025-05-13,63.66999816894531,5886.5498046875,3240.300048828125,34.947347696702515,3.08438265832386,43880.46069695558,7.43100227593667,None
2025-05-14,63.150001525878906,5892.580078125,3181.39990234375,35.082178275607234,3.0973088031202565,43883.96966196891,15.477651399773329,None
2025-05-15,61.619998931884766,5916.93017578125,3220.699951171875,34.92367695916846,3.104716076952969,43896.16023556787,3.69859619666685,None
2025-05-16,62.4900016784668,5958.3798828125,3182.0,35.15102293425867,3.093597978899299,43898.81013548645,7.612460623023766,None
2025-05-17,62.4900016784668,5958.3798828125,3182.0,34.89777079726872,3.088508787995118,43957.00409132619,2.771058659730122,None
2025-05-18,62.4900016784668,5958.3798828125,3182.0,34.92365661350017,3.0935436988842473,44077.53024140576,0.0,None
2025-05-19,62.689998626708984,5963.60009765625,3228.89990234375,35.01672164549929,3.08145015241995,44059.655652155365,3.1556692322218365,None
2025-05-20,62.560001373291016,5940.4599609375,3280.300048828125,34.81354775774295,3.029794651408422,44001.16550317642,4.81481601475794,None
2025-05-21,61.56999969482422,5844.60986328125,3309.300048828125,34.936387841746736,3.0273913974268405,44006.75140075885,2.8534888774137004,None
2025-05-22,61.20000076293945,5842.009765625,3292.300048828125,35.02140969298752,3.0236431893513447,44145.736867641564,1.53789510063072,None
2025-05-23,61.529998779296875,5802.81982421875,3363.60009765625,34.707058772703945,3.0307527890333796,44115.55313924308,0.0,None
2025-05-24,61.529998779296875,5802.81982421875,3363.60009765625,34.863452438004245,3.03519542214824,44207.50897951528,4.584472136856526,None
2025-05-25,61.529998779296875,5802.81982421875,3363.60009765625,34.848241695657876,3.0315857604900494,44301.39402021911,0.0,None
2025-05-26,61.529998779296875,5802.81982421875,3363.60009765625,34.87779456247439,3.0431790585236915,44283.714608133705,8.800279818448013,None
2025-05-27,60.88999938964844,5921.5400390625,3299.10009765625,34.65338259490846,3.0323684252476926,44322.16376209297,5.4121987646725165,None
2025-05-28,61.84000015258789,5888.5498046875,3293.60009765625,34.62261590704265,3.038527781317135,44413.583593249394,0.0,None
2025-05-29,60.939998626708984,5912.169921875,3317.10009765625,34.784570055937955,3.044458793896819,44404.62720620002,3.4539546147506828,None
2025-05-30,60.790000915527344,5911.68994140625,3288.89990234375,34.73993097407084,3.0413633295036795,44404.4481881949,1.2392179720470842,None
2025-05-31,60.790000915527344,5911.68994140625,3288.89990234375,34.71329244753709,3.0446246597261006,44385.36414249747,6.595872552095902,None
2025-06-01,60.790000915527344,5911.68994140625,3288.89990234375,34.70106437773221,3.0321135239622476,44344.626305962825,11.702252230115722,None
2025-06-02,62.52000045776367,5935.93994140625,3370.60009765625,34.576770819459846,3.0413537941543165,44322.162428709526,0.0,None
2025-06-03,63.40999984741211,5970.3701171875,3350.199951171875,34.64654124447515,3.0395047727898867,44270.965415371415,5.5751303957370855,None
2025-06-04,62.849998474121094,5970.81005859375,3373.5,34.631365960890484,3.034277542584696,44282.669588784374,4.199336022166798,None
2025-06-05,63.369998931884766,5939.2998046875,3350.699951171875,34.509577967112385,3.044767634843065,44254.17092723145,8.356700382252328,None
2025-06-06,64.58000183105469,6000.35986328125,3322.699951171875,34.74676770036006,3.0377241979376373,44275.86022282098,6.065983141188446,None
2025-06-07,64.58000183105469,6000.35986328125,3322.699951171875,34.58698449664944,3.023639584974002,44208.0654405108,1.2401533413059047,None
2025-06-08,64.58000183105469,6000.35986328125,3322.699951171875,34.40012657083627,3.008073293238763,44234.60945212152,3.404730321666909,None
2025-06-09,65.29000091552734,6005.8798828125,3332.10009765625,34.564823573685715,3.0141333927522194,44286.28590020197,1.019870715982555,None
2025-06-10,64.9800033569336,6038.81005859375,3320.89990234375,34.3818775940435,3.0013290992272563,44196.5991180734,10.38003569299299,None
2025-06-11,68.1500015258789,6022.240234375,3321.300048828125,34.53850856382402,3.0188770410471,44225.30194656578,5.106558243359711,None
2025-06-12,68.04000091552734,6045.259765625,3380.89990234375,34.55640118888385,2.998057746968263,44296.68539618944,14.505953428765038,None
2025-06-13,72.9800033569336,5976.97021484375,3431.199951171875,34.33951235016568,3.015022310651163,44246.20334525488,4.6966959309268965,None
2025-06-14,72.9800033569336,5976.97021484375,3431.199951171875,34.49926464964353,3.0171324853231893,44339.831964596764,1.457966165447686,None
2025-06-15,72.9800033569336,5976.97021484375,3431.199951171875,34.42586900457016,3.0161653542044853,44370.782915065065,0.0,None
2025-06-16,71.7699966430664,6033.10986328125,3396.39990234375,34.44878797146173,3.010716163336396,44345.53232227715,0.0,None
2025-06-17,74.83999633789062,5982.72021484375,3386.60009765625,34.53858903979928,3.014707524479917,44352.74386839426,0.0,None
2025-06-18,75.13999938964844,5980.8701171875,3389.800048828125,34.307044853526875,3.0143311774556683,44390.66021402035,6.335633255057417,None
2025-06-19,75.13999938964844,5980.8701171875,3389.800048828125,34.23923932082601,3.0253641962758335,44404.46048359097,7.543625116149669,None
2025-06-20,74.93000030517578,5967.83984375,3368.10009765625,34.20905513708166,3.026506472762454,44441.39828321329,0.0,None
2025-06-21,74.93000030517578,5967.83984375,3368.10009765625,34.200192393375055,3.0280094903770727,44405.36460355932,9.475191570380577,None
2025-06-22,74.93000030517578,5967.83984375,3368.10009765625,34.258211921796686,3.024373368254934,44423.83264476112,2.5846947415828025,None
2025-06-23,68.51000213623047,6025.169921875,3377.699951171875,34.2845762171287,3.023803912017723,44363.146919915875,5.733965059927747,None
2025-06-24,64.37000274658203,6092.18017578125,3317.39990234375,34.2630675020639,3.026881929706644,44367.58561684844,13.061103141277123,None
2025-06-25,64.91999816894531,6092.16015625,3327.10009765625,34.30346063278517,3.0097802457800777,44332.3902347752,9.484196579327659,None
2025-06-26,65.23999786376953,6141.02001953125,3333.5,34.207800657680984,2.9962983915590207,44305.61373764571,3.6573467604708387,None
2025-06-27,65.5199966430664,6173.06982421875,3273.699951171875,34.33803388303577,3.003731032499248,44377.41839640623,0.5440388729235632,None
2025-06-28,65.5199966430664,6173.06982421875,3273.699951171875,34.15282399212747,3.005439686880527,44441.983902435946,0.0,None
2025-06-29,65.5199966430664,6173.06982421875,3273.699951171875,34.43835210446402,3.0035998535170005,44482.440808481304,1.4042334037878996,None
2025-06-30,65.11000061035156,6204.9501953125,3294.39990234375,34.21639063412051,3.0037841928476543,44437.82517024768,3.944348805861528,None
2025-07-01,65.44999694824219,6198.009765625,3336.699951171875,34.05604670577215,3.007260009901271,44432.004747762934,0.06410236424408033,None
2025-07-02,67.44999694824219,6227.419921875,3348.0,34.02306803640103,3.0018624130981775,44502.6596327619,4.343715164538477,None
2025-07-03,67.0,6279.35009765625,3331.60009765625,34.1672617848793,2.9940793658441542,44519.74547844389,5.384259414793841,None
2025-07-04,66.5,6279.35009765625,3332.5,34.085993878113875,2.996037818395131,44645.711955442974,3.8757200909596072,None
2025-07-05,66.5,6279.35009765625,3332.5,34.169539850288864,2.9862540906189805,44675.377847412696,1.7499870958827013,None
2025-07-06,66.5,6279.35009765625,3332.5,34.13574266130212,2.9903366181761255,44694.98030323719,5.843273359833638,None
2025-07-07,67.93000030517578,6229.97998046875,3332.199951171875,34.07189972717546,2.973310782133747,44689.52448002707,7.209703247847045,None
2025-07-08,68.33000183105469,6225.52001953125,3307.0,33.98575649812314,2.9836023385070036,44706.20152526618,0.0,None
2025-07-09,68.37999725341797,6263.259765625,3311.60009765625,33.91069858085519,2.988328313331134,44708.57803344716,12.05466189873135,None
2025-07-10,66.56999969482422,6280.4599609375,3317.39990234375,34.00977781070764,2.9908886106742725,44753.983467281585,4.507059338578691,None
2025-07-11,68.44999694824219,6259.75,3356.0,34.132817879372695,3.0007155205137277,44811.81858312131,5.094248114724238,None
2025-07-12,68.44999694824219,6259.75,3356.0,34.06184261480887,3.0173702649583536,44782.51911009592,8.541072116282786,None
2025-07-13,68.44999694824219,6259.75,3356.0,33.909624735109674,3.027513965608535,44725.95746241803,6.166080656317508,None
2025-07-14,66.9800033569336,6268.56005859375,3351.5,34.04579552478027,3.0091052232952182,44644.14719376287,9.765683169566225,None
2025-07-15,66.5199966430664,6243.759765625,3329.800048828125,34.0618044775489,2.9963094536278616,44679.54676010849,6.435620826009121,None
2025-07-16,66.37999725341797,6263.7001953125,3352.5,33.93020155846138,2.9900612678509044,44634.3784297998,1.9378131267978107,None
2025-07-17,67.54000091552734,6297.35986328125,3340.10009765625,34.02979612121379,2.9903221783530127,44536.733900152176,6.807517626030508,None
2025-07-18,67.33999633789062,6296.7900390625,3353.0,34.01660475056698,2.995498768557704,44566.16283037872,0.0,None
2025-07-19,67.33999633789062,6296.7900390625,3353.0,33.89337301158961,2.9882413304261695,44700.81280625036,5.542798528882615,None
2025-07-20,67.33999633789062,6296.7900390625,3353.0,34.040862490006674,2.9901089980709403,44710.50926067337,4.833850046777696,None
2025-07-21,67.19999694824219,6305.60009765625,3401.89990234375,34.059104844098385,2.9825551687474072,44762.43379939595,3.9594157136373016,None
2025-07-22,66.20999908447266,6309.6201171875,3439.199951171875,34.10980417190993,2.9764399907174877,44776.525267323326,4.3573124428053465,None
2025-07-23,65.25,6358.91015625,3394.10009765625,34.105882739545955,2.9623733797490055,44781.58078466377,0.0,None
2025-07-24,66.02999877929688,6363.35009765625,3371.0,33.86227044468994,2.9531410472878963,44837.534608813156,2.2563754612951925,None
2025-07-25,65.16000366210938,6388.64013671875,3334.0,33.90632133231851,2.939624201231733,44833.02088160373,5.464224505705573,None
2025-07-26,65.16000366210938,6388.64013671875,3334.0,34.05220539020725,2.92986546870196,44856.39049730732,5.799281959987002,None
2025-07-27,65.16000366210938,6388.64013671875,3334.0,34.05320974017822,2.940401886668038,44882.47538761712,0.0,None
2025-07-28,66.70999908447266,6389.77001953125,3309.10009765625,34.05499584938526,2.9309078977797185,44859.07086493497,11.328539204323503,None
2025-07-29,69.20999908447266,6370.85986328125,3323.39990234375,34.390953937087275,2.9572317184280927,44918.672982411794,0.6691257589274962,None
2025-07-30,70.0,6362.89990234375,3295.800048828125,34.06548815384906,2.9621648974369013,44919.92499457703,9.847286002633684,None
2025-07-31,69.26000213623047,6339.39013671875,3293.199951171875,34.12520114391549,2.9640132586738503,44892.13773660238,7.135971809358424,None
2025-08-01,67.33000183105469,6238.009765625,3347.699951171875,34.110815670339136,2.955429680872038,44928.9632287809,1.7688634507809846,None
2025-08-02,67.33000183105469,6238.009765625,3347.699951171875,34.08484896546563,2.962432779666128,44894.03982969135,13.87655446304756,None
2025-08-03,67.33000183105469,6238.009765625,3347.699951171875,33.99299841147627,2.95667640140375,44905.4488875598,0.0,None
2025-08-04,66.29000091552734,6329.93994140625,3374.39990234375,34.105756342804746,2.9578964995502037,44914.9929377276,9.595770868050007,None
2025-08-05,65.16000366210938,6299.18994140625,3381.89990234375,33.95842673758017,2.983497344932892,44979.28771601918,10.002911590214891,None
2025-08-06,64.3499984741211,6345.06005859375,3380.0,34.018389880166616,2.9825367459356453,45013.02262766317,1.6468989546167756,None
2025-08-07,63.880001068115234,6340.0,3400.300048828125,34.000407128921935,2.994029479198502,45021.771279725916,11.962326500321645,None
2025-08-08,63.880001068115234,6389.4501953125,3439.10009765625,34.0645082483574,2.9869977149472433,45072.65959468593,3.749767427005236,None
2025-08-09,63.880001068115234,6389.4501953125,3439.10009765625,34.29566572764679,2.9866478300422736,45152.1699721368,6.443468146399285,None
2025-08-10,63.880001068115234,6389.4501953125,3439.10009765625,33.88584988541479,3.0043558363986285,45190.06048745439,6.301609193856104,None
2025-08-11,63.959999084472656,6373.4501953125,3353.10009765625,34.150072001343645,2.998086165820751,45200.57811844656,4.328456292647261,None
2025-08-12,63.16999816894531,6445.759765625,3348.89990234375,33.929532301445306,3.01621065140072,45144.98630682905,9.054041365798911,None
2025-08-13,62.650001525878906,6466.580078125,3358.699951171875,34.05345196194844,3.0232881707552752,45101.730623675285,8.967443602761065,None
2025-08-14,63.959999084472656,6468.5400390625,3335.199951171875,34.219859590007296,3.0176635029963323,45096.469388457546,0.0,None
2025-08-15,62.79999923706055,6449.7998046875,3336.0,34.12818454975566,3.0239875803868874,45075.993778349584,96.52170121439076,Oil facility attacks
2025-08-16,62.79999923706055,6449.7998046875,3336.0,32.48701737534608,3.0418019443500985,45076.64521320031,73.5987205928782,None
2025-08-17,62.79999923706055,6449.7998046875,3336.0,32.68136264146413,3.0553391104936987,45089.47770944517,79.75484503333674,None
2025-08-18,63.41999816894531,6449.14990234375,3331.699951171875,32.9654786034644,3.0462594285484763,45125.962347163004,73.60307444208394,None
2025-08-19,62.349998474121094,6411.3701171875,3313.39990234375,32.956951783383744,3.044980401635144,45132.43740826005,56.52237176195335,None
2025-08-20,63.209999084472656,6395.77978515625,3343.39990234375,33.173140482741644,3.0479273131170848,45166.76249045136,54.50103463580091,None
2025-08-21,63.52000045776367,6370.169921875,3336.89990234375,33.267672922497454,3.052089095833666,45179.98621119186,46.120465725562575,None
2025-08-22,63.65999984741211,6466.91015625,3374.39990234375,33.30066662100554,3.062735055054895,45091.21288287417,46.135145670826134,None
2025-08-23,63.65999984741211,6466.91015625,3374.39990234375,33.67490296873567,3.0685288539365336,45054.24611318323,41.65279052903512,None
2025-08-24,63.65999984741211,6466.91015625,3374.39990234375,33.61134975351618,3.0588099512214457,45057.04173539716,43.45672373929762,None
2025-08-25,64.80000305175781,6439.31982421875,3373.800048828125,33.42637993966582,3.0659005983098835,45006.556998255095,42.82129623017064,None
2025-08-26,63.25,6465.93994140625,3388.60009765625,33.72261325337594,3.0749821661479575,45046.55343475491,40.27246116828654,None
2025-08-27,64.1500015258789,6481.39990234375,3404.60009765625,33.70758744188973,3.0832726047290673,45133.09097637209,27.79066787964567,None
2025-08-28,64.5999984741211,6501.85986328125,3431.800048828125,33.92406280876425,3.09651671758926,45204.02906895696,27.11909303916843,None
2025-08-29,64.01000213623047,6460.259765625,3473.699951171875,33.82035489608797,3.107060399607603,45203.35692541045,17.5435509739318,None
2025-08-30,64.01000213623047,6460.259765625,3473.699951171875,33.94508731051834,3.113646878722308,45287.89323225294,19.93671328013559,None
2025-08-31,64.01000213623047,6460.259765625,3473.699951171875,34.060570355817305,3.114750081190792,45305.32660511305,26.985462195032994,None
2025-09-01,64.01000213623047,6460.259765625,3473.699951171875,34.14706652445114,3.0997735763406955,45298.47230655715,28.606013662223603,None
2025-09-02,65.58999633789062,6415.5400390625,3549.39990234375,33.98810689821262,3.105547452577669,45277.8021733801,12.878661139435245,None
2025-09-03,63.970001220703125,6448.259765625,3593.199951171875,34.11984427313972,3.1089614023142107,45272.6786890557,14.75101133815951,None
2025-09-04,63.47999954223633,6502.080078125,3565.800048828125,34.1487278941617,3.1128870242449764,45263.269848128635,16.371470290317443,None
2025-09-05,61.869998931884766,6481.5,3613.199951171875,34.17181991163496,3.101214241160382,45281.79065924741,16.809602195601496,None
2025-09-06,61.869998931884766,6481.5,3613.199951171875,34.45284005239007,3.091394203697005,45299.8193582999,10.370250861190147,None
2025-09-07,61.869998931884766,6481.5,3613.199951171875,34.35433397049695,3.1028219989746937,45309.97165930757,15.642306938758766,None
2025-09-08,62.2599983215332,6495.14990234375,3638.10009765625,34.22385692703298,3.1032374231229656,45341.81856779489,10.341829294245482,None
2025-09-09,62.630001068115234,6512.60986328125,3643.300048828125,34.47656114853235,3.11078623124326,45411.35088153421,11.904963528640003,None
2025-09-10,63.66999816894531,6532.0400390625,3643.60009765625,34.630676481540014,3.111733385739378,45468.82858830627,14.044675388236877,None
2025-09-11,62.369998931884766,6587.47021484375,3636.89990234375,34.55437162874875,3.112631732699675,45404.58368988378,10.74457993193342,None
2025-09-12,62.689998626708984,6584.2900390625,3649.39990234375,34.33093995974621,3.1225581840191703,45286.88763313868,7.986925870510685,None
2025-09-13,62.689998626708984,6584.2900390625,3649.39990234375,34.465390728615915,3.1178896183553455,45343.60362870064,9.128924685165462,None
2025-09-14,62.689998626708984,6584.2900390625,3649.39990234375,34.670714997525664,3.1192958990182813,45285.25969377987,8.790086015241759,None
2025-09-15,63.29999923706055,6615.27978515625,3682.199951171875,34.5028170106019,3.1150758647390466,45284.02142368524,6.979127054041774,None
2025-09-16,64.5199966430664,6606.759765625,3688.89990234375,34.64694548022722,3.111095297330015,45235.51577238227,7.170807024825616,None
2025-09-17,64.05000305175781,6600.35009765625,3681.800048828125,34.708487436525836,3.1083332942043844,45155.41675050327,16.128305081628987,None
2025-09-18,63.56999969482422,6631.9599609375,3643.699951171875,34.566326765271974,3.1108529732031993,45192.48988691351,10.64132518633391,None
2025-09-19,62.68000030517578,6664.35986328125,3671.5,34.6806463523439,3.1063354373422953,45240.447644928645,6.089376000751271,None
2025-09-20,62.68000030517578,6664.35986328125,3671.5,34.38967676727922,3.1191372597809073,45221.6221248923,10.807288430573545,None
2025-09-21,62.68000030517578,6664.35986328125,3671.5,34.63823191566232,3.1104122034167534,45102.07001028506,5.432402301198798,None
2025-09-22,62.63999938964844,6693.75,3740.699951171875,34.741975915158115,3.1087434711173447,45084.75778787243,12.767138795707282,None
2025-09-23,63.40999984741211,6656.919921875,3780.60009765625,34.668739369988614,3.1045271136694836,45114.34798814257,8.568773433883843,None
2025-09-24,64.98999786376953,6637.97021484375,3732.10009765625,35.01392744094421,3.0357174549859143,45050.40240970386,4.463489279978855,None
2025-09-25,64.9800033569336,6604.72021484375,3736.89990234375,34.7305089249346,3.03768300275103,45069.570405692815,7.238584629051388,None
2025-09-26,65.72000122070312,6643.7001953125,3775.300048828125,34.85242260486541,3.0480014481457163,45078.80491323416,0.0,None
2025-09-27,65.72000122070312,6643.7001953125,3775.300048828125,34.93246016430037,3.0331458444153467,45117.76948821422,0.0,None
2025-09-28,65.72000122070312,6643.7001953125,3775.300048828125,35.08651534508203,3.0358163470740394,45133.748506634925,0.0,None
2025-09-29,63.45000076293945,6661.2099609375,3820.89990234375,34.82183433877918,3.0447126550302737,45095.09505959085,5.714715473818534,None
2025-09-30,62.369998931884766,6688.4599609375,3840.800048828125,35.10478785022069,3.045535494923028,45164.92363467407,13.662574997425459,None
2025-10-01,61.779998779296875,6711.2001953125,3867.5,35.012551831096765,3.0561902986736813,45166.99715602273,16.15650073096316,None
2025-10-02,60.47999954223633,6715.35009765625,3839.699951171875,34.93642858099808,3.051017414172678,45175.63192904723,8.190255507203785,None
2025-10-03,60.880001068115234,6715.7900390625,3880.800048828125,35.10382233125091,3.0651108885745333,45138.96853109357,7.504222374722285,None
2025-10-04,60.880001068115234,6715.7900390625,3880.800048828125,35.100519862985585,3.088099869810726,45126.80441853399,0.0,None
2025-10-05,60.880001068115234,6715.7900390625,3880.800048828125,35.04355125874901,3.0844714842063294,45092.564282832645,2.286631001329891,None
2025-10-06,61.689998626708984,6740.27978515625,3948.5,35.13345714576834,3.0800164589923216,45093.916979836475,1.0610812404588055,None
2025-10-07,61.72999954223633,6714.58984375,3976.60009765625,35.11078232976278,3.0945503037634987,45189.502403843595,1.8957620087444198,None
2025-10-08,62.54999923706055,6753.72021484375,4043.300048828125,35.18342279688216,3.1103460252208057,45130.90734669703,4.159280907076052,None
2025-10-09,61.5099983215332,6735.10986328125,3946.300048828125,35.26095002499919,3.105117424949273,45060.22927680319,2.6395471115143634,None
2025-10-10,58.900001525878906,6552.509765625,3975.89990234375,35.375901006819205,3.1009155567783147,45143.78779317787,0.0,None
2025-10-11,58.900001525878906,6552.509765625,3975.89990234375,35.11596462067079,3.0980977106897094,45143.32160932028,8.73955128058767,None
2025-10-12,58.900001525878906,6552.509765625,3975.89990234375,35.47536889769761,3.0846532055793667,45119.86797238728,0.0,None
2025-10-13,59.4900016784668,6654.72021484375,4108.60009765625,35.08903684868541,3.075466686114525,45181.86320675709,6.196234320555748,None
2025-10-14,58.70000076293945,6644.31005859375,4138.7001953125,35.291096074731435,3.065425278447004,45161.58242977024,15.370413348749867,None
2025-10-15,58.27000045776367,6671.06005859375,4176.89990234375,35.38697243647264,3.0577473027959625,45262.88291544759,0.4030770420678831,None
2025-10-16,57.459999084472656,6629.06982421875,4280.2001953125,35.37793158554068,3.057400453922095,45306.77920901455,0.0,None
2025-10-17,57.540000915527344,6664.009765625,4189.89990234375,35.30906814918557,3.0597426012474602,45292.383638607265,3.5699788905994456,None
2025-10-18,57.540000915527344,6664.009765625,4189.89990234375,35.37183416496584,3.075247606175601,45410.24904927054,10.504798174992855,None
2025-10-19,57.540000915527344,6664.009765625,4189.89990234375,35.364445843729634,3.065264065768213,45389.96330312037,14.791737271102969,None
2025-10-20,57.52000045776367,6735.1298828125,4336.39990234375,35.375689049954374,3.075107289752979,45437.06807172084,0.0,None
2025-10-21,57.81999969482422,6735.35009765625,4087.699951171875,35.540234264898984,3.0729674013107235,45462.03270074116,7.483496116182609,None
2025-10-22,58.5,6699.39990234375,4044.39990234375,35.511382097109006,3.0724727642141993,45537.1197652111,2.673447716099733,None
2025-10-23,61.790000915527344,6738.43994140625,4125.5,35.42654319741545,3.0792209591358652,45625.19532504745,4.470258228479322,None
2025-10-24,61.5,6791.68994140625,4118.39990234375,35.6056841538137,3.0679937389202423,45636.795532500735,18.221716735085174,None
2025-10-25,61.5,6791.68994140625,4118.39990234375,35.566069954509736,3.071817836382083,45609.12463898343,0.0,None
2025-10-26,61.5,6791.68994140625,4118.39990234375,35.6359574489615,3.0734823584642132,45642.12324613038,6.268698307472867,None
2025-10-27,61.310001373291016,6875.16015625,4001.89990234375,35.63667047741232,3.078406871104295,45618.237477642775,7.338465858827166,None
2025-10-28,60.150001525878906,6890.89013671875,3966.199951171875,35.509539449505496,3.081298557543373,45728.90684001911,10.428931624696736,None
2025-10-29,60.47999954223633,6890.58984375,3983.699951171875,35.55483724708541,3.105851558942482,45745.733606573245,5.489915767354477,None
2025-10-30,60.56999969482422,6822.33984375,4001.300048828125,35.70367636458855,3.099474159099969,45737.46752900764,6.540252697520511,None
2025-10-31,60.97999954223633,6840.2001953125,3982.199951171875,35.70774131803317,3.0941641895499505,45756.701544300886,3.0417571628910443,None
2025-11-01,60.97999954223633,6840.2001953125,3982.199951171875,35.66202761368622,3.087932784285703,45699.3452298244,6.345634706225537,None
2025-11-02,60.97999954223633,6840.2001953125,3982.199951171875,35.692910929698904,3.0823780130941008,45660.764527898864,3.2840386225129476,None
2025-11-03,61.04999923706055,6851.97021484375,4000.300048828125,35.82564296613639,3.0760041418210355,45730.78522329609,8.107859449280255,None
2025-11-04,60.560001373291016,6771.5498046875,3947.699951171875,35.655046612499106,3.0878943071321108,45707.94050934752,3.1519483197818303,None
2025-11-05,59.599998474121094,6796.2900390625,3980.300048828125,35.78486107393127,3.1020993496120095,45665.59496021342,6.8855019695109325,None
2025-11-06,59.43000030517578,6720.31982421875,3979.89990234375,35.725491486433576,3.096391886674515,45702.427597839785,4.853685931575108,None
2025-11-07,59.75,6728.7998046875,3999.39990234375,35.73910560683388,3.0880683309434724,45771.71280557293,10.630251253860841,None
2025-11-08,59.75,6728.7998046875,3999.39990234375,35.88550988639631,3.0927824865073363,45817.66047110619,4.743031382057569,None
2025-11-09,59.75,6728.7998046875,3999.39990234375,35.872519962687285,3.0872602560645266,45877.46285539648,0.0,None
2025-11-10,60.130001068115234,6832.43017578125,4111.7998046875,35.88525544373314,3.093589574242082,45849.623100968005,11.309607503569959,None
2025-11-11,61.040000915527344,6846.60986328125,4106.7998046875,35.94795113542051,3.095618804450595,45788.532567630915,0.4713384956869051,None
2025-11-12,58.4900016784668,6850.919921875,4204.39990234375,35.832567859347236,3.0804613633006226,45873.59925022869,1.731168306755901,None
2025-11-13,58.689998626708984,6737.490234375,4186.89990234375,35.911285493399646,3.0959364153139233,45867.46525828658,2.0216935297825396,None
2025-11-14,60.09000015258789,6734.10986328125,4087.60009765625,35.824238031717954,3.1138951920448785,45864.92360746383,11.872190465854086,None
2025-11-15,60.09000015258789,6734.10986328125,4087.60009765625,35.8994011714487,3.1077673051400345,45941.33331455628,0.0,None
2025-11-16,60.09000015258789,6734.10986328125,4087.60009765625,35.86522914671712,3.103890289540675,45979.14481502632,20.68874266829997,None
2025-11-17,59.90999984741211,6672.41015625,4068.300048828125,35.89873506618871,3.106748943447924,46011.9392036304,10.280284045330259,None
2025-11-18,60.7400016784668,6617.31982421875,4061.300048828125,35.95887055401631,3.110093511347794,46130.18932087545,6.116194570645798,None
2025-11-19,59.439998626708984,6642.16015625,4077.699951171875,35.82737404311238,3.1166789540745223,46108.01340935644,4.725529996918568,None
2025-11-20,59.13999938964844,6538.759765625,4056.5,36.127792745262354,3.136780999462186,46164.405415760506,76.42777037428829,Strait closure threats
2025-11-21,58.060001373291016,6602.990234375,4076.699951171875,34.56004947192572,3.141672907924728,46177.25607200536,70.94423140441386,None
2025-11-22,58.060001373291016,6602.990234375,4076.699951171875,34.668158213432605,3.139717402026402,46200.68568594852,65.53723064520901,None
2025-11-23,58.060001373291016,6602.990234375,4076.699951171875,35.02234474397684,3.131378087013995,46287.10910726915,59.63529777773749,None
2025-11-24,58.84000015258789,6705.1201171875,4091.89990234375,35.091774721241556,3.129003658839802,46322.50089508363,52.370306628771,None
2025-11-25,57.95000076293945,6765.8798828125,4139.2001953125,35.17119731726691,3.1331376461536737,46359.41569903611,46.47045407834771,None
2025-11-26,58.650001525878906,6812.60986328125,4165.2001953125,35.25878900136086,3.1551235564421543,46423.0410659016,42.66044810831429,None
2025-11-27,58.650001525878906,6812.60986328125,4165.2001953125,35.273696476651914,3.1536032867129755,46414.793429424455,38.78642986363526,None
2025-11-28,58.54999923706055,6849.08984375,4218.2998046875,35.256688677147004,3.159149110006558,46382.832946057504,42.12187797254083,None
2025-11-29,58.54999923706055,6849.08984375,4218.2998046875,35.41867309184748,3.1619780323521938,46340.59248635646,36.42765979324625,None
2025-11-30,58.54999923706055,6849.08984375,4218.2998046875,35.40183711721895,3.1765702803865157,46252.274656887654,16.049617708679563,None
2025-12-01,59.31999969482422,6812.6298828125,4239.2998046875,35.61984787626704,3.204290189668387,46365.08501338467,31.580479741514374,None
2025-12-02,58.63999938964844,6829.3701171875,4186.60009765625,35.555223262392964,3.2011988829641953,46319.924595098586,27.057275807448022,None
2025-12-03,58.95000076293945,6849.72021484375,4199.2998046875,35.53022498205133,3.198310857860487,46318.861913919296,23.983681730151396,None
2025-12-04,59.66999816894531,6857.1201171875,4211.7998046875,35.619134585561795,3.210567904667646,46315.02124892485,20.319195210468024,None
2025-12-05,60.08000183105469,6870.39990234375,4212.89990234375,35.72707977613276,3.219029495829431,46340.391583815304,26.239674810320153,None
2025-12-06,60.08000183105469,6870.39990234375,4212.89990234375,35.6602705560407,3.238982924037556,46391.17844444227,23.870388570240166,None
2025-12-07,60.08000183105469,6870.39990234375,4212.89990234375,35.661917190459505,3.2461671154667497,46444.20211886026,13.923458344573381,None
2025-12-08,58.880001068115234,6846.509765625,4187.2001953125,35.792912896153325,3.2437911190670596,46425.04824693181,18.606183611133734,None
2025-12-09,58.25,6840.509765625,4206.7001953125,35.81459805585672,3.250798786203909,46426.69216124249,10.611519672878025,None
2025-12-10,58.459999084472656,6886.68017578125,4196.39990234375,35.75833723833922,3.26288215552876,46450.82115876691,7.575379002618236,None
2025-12-11,57.599998474121094,6901.0,4285.5,35.77843077842243,3.271988497189588,46448.38660245773,10.438363854758908,None
2025-12-12,57.439998626708984,6827.41015625,4300.10009765625,35.862996818056644,3.2778769663930065,46538.75388125873,17.068188447277166,None
2025-12-13,57.439998626708984,6827.41015625,4300.10009765625,35.70715914326568,3.289281815313665,46573.30262884064,16.783744287476697,None
2025-12-14,57.439998626708984,6827.41015625,4300.10009765625,35.721464609234786,3.3016426335484588,46620.04651814313,13.91568383074534,None
2025-12-15,56.81999969482422,6816.509765625,4306.7001953125,35.79881296918206,3.31606853028542,46663.1905815765,14.371428837912902,None
2025-12-16,55.27000045776367,6800.259765625,4304.5,35.856084973247256,3.323102428589986,46731.86427445077,12.780041910578163,None
2025-12-17,55.939998626708984,6721.43017578125,4347.5,35.913730299148135,3.3219260123700383,46750.91535238596,6.496977915667721,None
2025-12-18,56.150001525878906,6774.759765625,4339.5,36.0339241018245,3.3238408307423892,46696.07375498816,11.416317107134962,None
2025-12-19,56.65999984741211,6834.5,4361.39990234375,35.97453484126036,3.3363109993872895,46726.058152575795,12.853673030086917,None
2025-12-20,56.65999984741211,6834.5,4361.39990234375,35.8738710108928,3.328508173295615,46703.4903078862,12.256551434818348,None
2025-12-21,56.65999984741211,6834.5,4361.39990234375,35.887851495918405,3.3325265570025455,46687.05947379871,14.098011024922261,None
2025-12-22,58.0099983215332,6878.490234375,4444.60009765625,35.788250672052165,3.328893258768335,46726.37767473647,11.394873514490953,None
2025-12-23,58.380001068115234,6909.7900390625,4482.7998046875,35.88432894871525,3.329452239558082,46798.29182830815,9.339062755794716,None
2025-12-24,58.349998474121094,6932.0498046875,4480.60009765625,35.85397568823355,3.342482451005019,46809.355407144954,12.686880088804962,None
2025-12-25,58.349998474121094,6932.0498046875,4480.60009765625,35.91081290080141,3.3446157537428785,46834.7970577749,6.981210543316995,None
2025-12-26,56.7400016784668,6929.93994140625,4529.10009765625,35.790604795373795,3.3452812754926917,46929.90780500666,2.50328731517189,None
2025-12-27,56.7400016784668,6929.93994140625,4529.10009765625,35.919181913485986,3.3318647278012796,46951.94546398109,5.915312033204938,None
2025-12-28,56.7400016784668,6929.93994140625,4529.10009765625,36.01361465405516,3.339491956284544,47092.02961969011,2.8414408058993468,None
2025-12-29,58.08000183105469,6905.740234375,4325.10009765625,35.8417707657752,3.34609581832468,47130.30510197169,3.0410424263343994,None
2025-12-30,57.95000076293945,6896.240234375,4370.10009765625,35.91001388600276,3.299145299358941,47052.26696401389,4.277406646422411,None
2025-12-31,57.41999816894531,6845.5,4325.60009765625,35.92725193775733,3.2960675170094107,47099.93404506912,1.0379003950001935,None
2026-01-01,57.41999816894531,6845.5,4325.60009765625,35.80605405346741,3.2982590202860504,47128.99196431326,3.460192351804799,None
2026-01-02,57.31999969482422,6858.47021484375,4314.39990234375,35.85607406037598,3.300752857123158,47203.479602017396,0.0,None
2026-01-03,57.31999969482422,6858.47021484375,4314.39990234375,35.82196956462691,3.3165273899207928,47247.1386695809,6.066468536864693,None
2026-01-04,57.31999969482422,6858.47021484375,4314.39990234375,35.817087134534844,3.315574434596923,47250.21587038171,5.006027376811121,None
2026-01-05,58.31999969482422,6902.0498046875,4436.89990234375,35.71619855312126,3.3183646498546264,47199.00095856724,0.9145568446590469,None
2026-01-06,57.130001068115234,6944.81982421875,4482.2001953125,35.78170870954433,3.3244436149517917,47198.54979570294,8.296228342162024,None
2026-01-07,55.9900016784668,6920.93017578125,4449.2998046875,35.814401406993646,3.3263097061833555,47166.02377299247,9.68785068813279,None
2026-01-08,57.7599983215332,6921.4599609375,4449.7001953125,35.89465334113246,3.3218453700378503,47146.99760050224,0.0,None
2026-01-09,59.119998931884766,6966.27978515625,4490.2998046875,35.830004989870424,3.323786269966833,47186.42652072327,1.186376107168929,None
2026-01-10,59.119998931884766,6966.27978515625,4490.2998046875,35.93354482387956,3.3345225874654307,47279.92174594084,1.1542882510635089,None
2026-01-11,59.119998931884766,6966.27978515625,4490.2998046875,35.625258663666976,3.3242574344713205,47309.65532243199,0.3004844944556764,None
2026-01-12,59.5,6977.27001953125,4604.2998046875,35.77261912641031,3.325587131212789,47259.86116933023,9.147374209658743,None
2026-01-13,61.150001525878906,6963.740234375,4589.2001953125,35.68675053544667,3.3185859230633974,47292.09130274123,4.030869306135982,None
2026-01-14,62.02000045776367,6926.60009765625,4626.2998046875,35.87007055178789,3.3305363893526456,47361.92287707352,3.6774257934469463,None
2026-01-15,59.189998626708984,6944.47021484375,4616.2998046875,35.5525882160022,3.315304520304808,47341.43373185755,0.0,None
2026-01-16,59.439998626708984,6940.009765625,4588.39990234375,35.531436903905416,3.309715301832092,47344.732873523906,8.177090151046132,None
2026-01-17,59.439998626708984,6940.009765625,4588.39990234375,35.537133698736504,3.3134874205827374,47355.46728326036,0.0,None
2026-01-18,59.439998626708984,6940.009765625,4588.39990234375,35.36602984556817,3.329142660875081,47326.22236760625,5.299663151331641,None
2026-01-19,59.439998626708984,6940.009765625,4588.39990234375,35.50688286684882,3.3284851582643507,47368.636389298445,6.386884689790959,None
2026-01-20,60.34000015258789,6796.85986328125,4759.60009765625,35.46428663039486,3.322933162997419,47372.58898186806,11.803292979193255,None
2026-01-21,60.619998931884766,6875.6201171875,4831.7998046875,35.53569361758139,3.341744733691825,47403.565604063406,0.0,None
2026-01-22,59.36000061035156,6913.35009765625,4908.7998046875,35.53500738475538,3.3272645946876622,47369.1909951733,0.0,None
2026-01-23,61.06999969482422,6915.60986328125,4976.2001953125,35.66836016336505,3.3052765351214615,47357.31808015713,5.919247723768474,None
2026-01-24,61.06999969482422,6915.60986328125,4976.2001953125,35.55544117926034,3.3096766796219947,47403.43714804852,14.002555907554267,None
2026-01-25,61.06999969482422,6915.60986328125,4976.2001953125,35.382119385188176,3.3046561373784686,47394.79549044393,11.194731764697186,None
2026-01-26,60.630001068115234,6950.22998046875,5079.7001953125,35.32914542395014,3.2944438092071615,47491.143683005605,6.048297076373129,None
2026-01-27,62.38999938964844,6978.60009765625,5079.89990234375,35.447133203590035,3.301527373680155,47481.16187372487,2.5418190718397633,None
2026-01-28,63.209999084472656,6978.02978515625,5301.60009765625,35.24466080453889,3.303965380817867,47502.396110012465,9.035612983186551,None
2026-01-29,65.41999816894531,6969.009765625,5318.39990234375,35.53837258496774,3.2983245945104995,47559.02565160612,0.13226900147765708,None
2026-01-30,65.20999908447266,6939.02978515625,4713.89990234375,35.451524455289615,3.2855215505237907,47498.10736495947,7.381788846781096,None
2026-01-31,65.20999908447266,6939.02978515625,4713.89990234375,35.26483927228703,3.2942461238065923,47420.06692436043,7.527350795833135,None
2026-02-01,65.20999908447266,6939.02978515625,4713.89990234375,35.118454040343394,3.3007481355861787,47353.784108631924,10.3010495374944,None
2026-02-02,62.13999938964844,6976.43994140625,4622.5,35.40301133804028,3.299756376948385,47426.913313803285,18.798300194555388,None
2026-02-03,63.209999084472656,6917.81005859375,4903.7001953125,35.233884447123664,3.318222746908862,47409.32040650866,6.962079835893835,None
2026-02-04,65.13999938964844,6882.72021484375,4920.39990234375,35.34670396520108,3.3075218992456,47547.23037079207,2.455181871462506,None
2026-02-05,63.290000915527344,6798.39990234375,4861.39990234375,35.0409449588239,3.2922666475363527,47529.0179908592,4.8721284390400275,None
2026-02-06,63.54999923706055,6932.2998046875,4951.2001953125,35.11780908147159,3.2853475668375403,47548.24555601906,0.0,None
2026-02-07,63.54999923706055,6932.2998046875,4951.2001953125,35.15553531782081,3.2848917066739856,47635.35105364745,1.5264343445547093,None
2026-02-08,63.54999923706055,6932.2998046875,4951.2001953125,35.1368909632164,3.2873251011672124,47745.65569805541,2.95358780943448,None
2026-02-09,64.36000061035156,6964.81982421875,5050.89990234375,35.06429803529279,3.284912740588649,47858.73087688723,2.3795580103270373,None
2026-02-10,63.959999084472656,6941.81005859375,5003.7998046875,35.14864314494842,3.288433294553792,47929.149188416886,95.76177436016862,Major naval standoff
2026-02-11,64.62999725341797,6941.47021484375,5071.60009765625,33.32789641521067,3.284482532688651,47990.35231470746,82.32326796132536,None
2026-02-12,62.84000015258789,6832.759765625,4923.7001953125,33.55238647846022,3.3066697785756016,48029.978662167516,84.29092111364074,None
2026-02-13,62.88999938964844,6836.169921875,5022.0,33.695849074595955,3.31286039470734,48078.89671597585,71.6746751859456,None
2026-02-14,62.88999938964844,6836.169921875,5022.0,33.839103442274975,3.3303781887413684,48061.33743015942,65.28230253751447,None
2026-02-15,62.88999938964844,6836.169921875,5022.0,33.95058833963248,3.3395464869742155,48030.42748598831,57.94828579157242,None
2026-02-16,62.88999938964844,6836.169921875,5022.0,33.84781860314834,3.349308731291428,48040.25876311776,55.16900066775728,None
2026-02-17,62.33000183105469,6843.22021484375,4882.89990234375,33.87786807960579,3.3597067740009856,48041.74953199152,53.81816866456503,None
2026-02-18,65.19000244140625,6881.31005859375,4986.5,34.221137677822234,3.3684369301718355,48029.08812952515,41.10395569199544,None
2026-02-19,66.43000030517578,6861.89013671875,4975.89990234375,34.18064924555475,3.378712495164407,48073.907501897986,38.30068693127764,None
2026-02-20,66.38999938964844,6909.509765625,5059.2998046875,34.11935688259737,3.3954861401369554,48131.67276232651,36.590519561546486,None
2026-02-21,66.38999938964844,6909.509765625,5059.2998046875,34.389557423543465,3.4006021040065733,48146.09310664111,28.229042915461086,None
2026-02-22,66.38999938964844,6909.509765625,5059.2998046875,34.28033816233604,3.410543060043187,48229.969610693865,28.011189773490706,None
2026-02-23,66.30999755859375,6837.75,5204.7001953125,34.415703394983744,3.412225320799352,48182.88515498719,27.146757005337836,None
2026-02-24,65.62999725341797,6890.06982421875,5155.7998046875,34.328731369898364,3.428960627572163,48183.202182023204,31.565672658308223,None
2026-02-25,65.41999816894531,6946.1298828125,5206.39990234375,34.547942192322026,3.4243087168929565,48157.361065993064,26.394521058368305,None
2026-02-26,65.20999908447266,6908.85986328125,5176.5,34.53340603277391,3.444229149015904,48074.034235139414,24.138636176356705,None
2026-02-27,67.0199966430664,6878.8798828125,5230.5,34.34549108780788,3.4455567389642336,48079.90020084728,25.69600697558598,None
2026-02-28,67.0199966430664,6878.8798828125,5230.5,34.47692901135895,3.4328136051678566,48083.81282542812,19.190040997945804,None
2026-03-01,67.0199966430664,6878.8798828125,5230.5,34.45088761547243,3.4355103735268697,48169.48531259022,20.413499979681603,None
2026-03-02,71.2300033569336,6881.6201171875,5294.39990234375,34.52727990769341,3.429980857190863,48211.02589681796,16.66406672663266,None
2026-03-03,74.55999755859375,6816.6298828125,5107.39990234375,34.29574763641726,3.4395463896292773,48169.8165556015,17.347890289766514,None
2026-03-04,74.66000366210938,6869.5,5120.2001953125,34.460668225633896,3.4340689441264116,48272.52118391821,12.058490964552139,None
2026-03-05,81.01000213623047,6830.7099609375,5065.2998046875,34.495949671222135,3.4305560981118215,48343.57286869448,1.829210143670192,None
2026-03-06,90.9000015258789,6740.02001953125,5146.10009765625,34.210699548377576,3.4125193709413715,48382.67775386791,12.493219985115605,None
2026-03-07,90.9000015258789,6740.02001953125,5146.10009765625,34.26331893959078,3.408773273668777,48381.35354892541,19.50139055665059,None
2026-03-08,90.9000015258789,6740.02001953125,5146.10009765625,34.17156429036089,3.3852375082393484,48343.38158708924,16.31569905049801,None
2026-03-09,94.7699966430664,6795.990234375,5091.5,34.341312436552336,3.3700346058972035,48334.77124828569,15.87548356953333,None
2026-03-10,83.44999694824219,6781.47998046875,5229.7001953125,34.43183379289263,3.378214342968954,48399.208679270894,16.653559245300706,None
2026-03-11,87.25,6775.7998046875,5167.39990234375,34.50132823464235,3.3865931603866555,48503.43799456763,10.395377759883837,None
2026-03-12,95.7300033569336,6672.6201171875,5115.7998046875,34.348816049753616,3.391318989656474,48590.60017098124,10.467414690135733,None
2026-03-13,98.70999908447266,6632.18994140625,5052.5,34.49398773795626,3.38207563616287,48576.157699891926,5.966168738248451,None
2026-03-14,98.70999908447266,6632.18994140625,5052.5,34.18233657049479,3.3819843524588173,48530.17682822747,7.08823407791771,None
2026-03-15,98.70999908447266,6632.18994140625,5052.5,34.13881698984288,3.3822974403598525,48547.221140573034,11.39834081496731,None
2026-03-16,93.5,6699.3798828125,4994.0,34.29207650842454,3.3710296842376097,48468.799172294894,14.02301648227343,None
2026-03-17,96.20999908447266,6716.08984375,5001.0,34.32425411081459,3.386349497043702,48494.95755800413,7.020533129603668,None
2026-03-18,96.31999969482422,6624.7001953125,4889.89990234375,34.27060113904625,3.3953817494372105,48497.5774286892,5.208188695999272,None
2026-03-19,96.13999938964844,6606.490234375,4600.7001953125,34.05501709830101,3.39340612533684,48484.27560359579,7.227757176613531,None
2026-03-20,98.31999969482422,6506.47998046875,4570.39990234375,34.240663413705924,3.393886731642061,48414.540450232445,10.019403211700478,None
2026-03-21,98.31999969482422,6506.47998046875,4570.39990234375,34.10691710652369,3.3961621571584693,48450.22045556093,0.0,None
2026-03-22,98.31999969482422,6506.47998046875,4570.39990234375,34.325109510435134,3.2875665805043486,48433.585413577835,0.0,None
2026-03-23,88.12999725341797,6581.0,4404.10009765625,34.27953923055559,3.2850948066791426,48385.08957179232,2.2473157525420824,None
2026-03-24,92.3499984741211,6556.3701171875,4399.2998046875,34.134031083876614,3.2782749641991646,48251.47646112824,0.0,None
2026-03-25,90.31999969482422,6591.89990234375,4549.7998046875,34.16218243367683,3.2682587641002154,48260.100715875706,2.4592990117634455,None
2026-03-26,94.4800033569336,6477.16015625,4375.5,34.093615924445174,3.2654477611713557,48358.713295709196,4.261098405912643,None
2026-03-27,99.63999938964844,6368.85009765625,4492.0,34.17966306617019,3.2834246264398512,48451.776256436584,2.733757954884933,None
2026-03-28,99.63999938964844,6368.85009765625,4492.0,34.26827168873533,3.289833055052521,48438.92144360727,12.262337672353727,None
2026-03-29,99.63999938964844,6368.85009765625,4492.0,34.0614511177694,3.284121265154693,48418.81084058918,6.6337238230116,None
2026-03-30,102.87999725341797,6343.72021484375,4526.0,34.198141194206556,3.289847092968255,48452.24955339293,6.502371798054142,None
2026-03-31,101.37999725341797,6528.52001953125,4647.60009765625,34.08287668780672,3.303840647334115,48412.33028143352,8.11103572021701,None
2026-04-01,100.12000274658203,6575.31982421875,4783.2001953125,34.04524045147423,3.3130869841632427,48437.419876424494,0.0,None
2026-04-02,105.76000213623047,6575.31982421875,4625.2001953125,34.1029154089407,3.3136832878624443,48485.72389034373,10.195558937101342,None
2026-04-03,105.76000213623047,6575.31982421875,4625.2001953125,33.999656147788144,3.3072139200853883,48557.070551537945,4.6211785673227,None
2026-04-04,105.76000213623047,6575.31982421875,4625.2001953125,34.03785415861043,3.3141961532215243,48562.06284771395,8.352403086206063,None
2026-04-05,105.76000213623047,6575.31982421875,4625.2001953125,33.963952078719174,3.318131007075742,48561.8791602051,0.0,None
2026-04-06,105.76000213623047,6575.31982421875,4625.2001953125,34.27122026923564,3.327082939276019,48527.98003086727,0.0,None
2026-04-07,105.76000213623047,6575.31982421875,4625.2001953125,34.06977388869466,3.333434657292839,48496.63601316528,9.089448290125144,None
2026-04-08,105.76000213623047,6575.31982421875,4625.2001953125,33.988271168791734,3.343930184446032,48495.3120685702,6.882047630487583,None
2026-04-09,105.76000213623047,6575.31982421875,4625.2001953125,34.07213856034594,3.3385778323304267,48523.68034391101,0.4897422282124477,None
2026-04-10,105.76000213623047,6575.31982421875,4625.2001953125,34.032509266454454,3.35175177298677,48579.359575222676,0.6516845936265279,None
2026-04-11,105.76000213623047,6575.31982421875,4625.2001953125,34.015154986685005,3.3537277690336937,48549.20062768865,10.627173922073847,None
2026-04-12,105.76000213623047,6575.31982421875,4625.2001953125,34.0926903152504,3.3744803777599466,48633.83505613663,0.0,None
2026-04-13,105.76000213623047,6575.31982421875,4625.2001953125,34.10156111648121,3.3675884995790506,48630.27887608451,13.213364766279817,None
2026-04-14,105.76000213623047,6575.31982421875,4625.2001953125,33.967814837009236,3.3849481376107033,48639.210511367084,0.4968963267606563,None
2026-04-15,105.76000213623047,6575.31982421875,4625.2001953125,33.95885826917056,3.38692724544533,48611.84992740969,8.191959628041914,None
2026-04-16,105.76000213623047,6575.31982421875,4625.2001953125,33.985032952532286,3.380413065409185,48500.637914396044,3.356907621255077,None
2026-04-17,105.76000213623047,6575.31982421875,4625.2001953125,33.77896899672926,3.375574207068642,48554.840184214096,8.015937155411716,None
2026-04-18,105.76000213623047,6575.31982421875,4625.2001953125,33.85479175519236,3.372370733986699,48601.68237906872,2.279429989429037,None
2026-04-19,105.76000213623047,6575.31982421875,4625.2001953125,34.140676308892466,3.376612393450718,48597.61600121281,4.186035469638529,None
2026-04-20,105.76000213623047,6575.31982421875,4625.2001953125,34.166693181188506,3.381840748331073,48610.96553707405,5.204595876978606,None
2026-04-21,105.76000213623047,6575.31982421875,4625.2001953125,33.97603079345533,3.3761037482916874,48646.76249795926,0.0,None
2026-04-22,105.76000213623047,6575.31982421875,4625.2001953125,34.05785921209195,3.3758602023690774,48578.63520511493,8.70412172710063,None
2026-04-23,105.76000213623047,6575.31982421875,4625.2001953125,34.03112916897576,3.397282905955196,48562.18257124761,2.433932167642074,None
2026-04-24,105.76000213623047,6575.31982421875,4625.2001953125,34.30822449744806,3.414558337656203,48611.895805228705,3.8570004232999073,None
2026-04-25,105.76000213623047,6575.31982421875,4625.2001953125,34.11315761953301,3.4189215743529435,48559.18133407024,0.028253126957438646,None
2026-04-26,105.76000213623047,6575.31982421875,4625.2001953125,33.98980307056139,3.4193016091346253,48583.85923067857,0.0,None
2026-04-27,105.76000213623047,6575.31982421875,4625.2001953125,33.908965735040596,3.420501922401808,48526.0301404474,4.044861186999155,None
2026-04-28,105.76000213623047,6575.31982421875,4625.2001953125,33.84632932118117,3.426637102129112,48559.35163956908,17.06307710806458,None
2026-04-29,105.76000213623047,6575.31982421875,4625.2001953125,34.030302410908476,3.4164091764771283,48567.56956545421,8.92302143949012,None
2026-04-30,105.76000213623047,6575.31982421875,4625.2001953125,33.93782940155328,3.4138354111028946,48496.81297465893,4.903698101328027,None
2026-05-01,105.76000213623047,6575.31982421875,4625.2001953125,33.87527200334964,3.397149570364119,48565.04994238179,3.6855458539586614,None
2026-05-02,105.76000213623047,6575.31982421875,4625.2001953125,33.95739530958076,3.4011418015901715,48538.32036354189,5.112329464060232,None
2026-05-03,105.76000213623047,6575.31982421875,4625.2001953125,33.91897292512466,3.407613760987199,48507.80774169117,7.73559557587605,None
2026-05-04,105.76000213623047,6575.31982421875,4625.2001953125,34.20143422218232,3.4027818963642056,48527.83620155272,0.0,None
2026-05-05,105.76000213623047,6575.31982421875,4625.2001953125,34.12699060022843,3.4185217639971057,48595.268069024154,10.57160847334436,None
2026-05-06,105.76000213623047,6575.31982421875,4625.2001953125,34.04464691251103,3.4062641073670825,48554.47697807523,8.57690657720622,None
2026-05-07,105.76000213623047,6575.31982421875,4625.2001953125,34.200563610818634,3.391620358564984,48567.56097056763,8.590928628539672,None
2026-05-08,105.76000213623047,6575.31982421875,4625.2001953125,34.06793472830197,3.393864876750584,48599.00179558416,7.192378694048637,None
2026-05-09,105.76000213623047,6575.31982421875,4625.2001953125,33.982197802705144,3.4043358597767055,48643.65707594732,5.098083288469949,None
2026-05-10,105.76000213623047,6575.31982421875,4625.2001953125,34.22926225931718,3.421175136691284,48662.479153711174,8.364306179834099,None
2026-05-11,105.76000213623047,6575.31982421875,4625.2001953125,34.13995520360376,3.416586294062595,48654.12776175701,7.95907066870689,None
2026-05-12,105.76000213623047,6575.31982421875,4625.2001953125,33.991939804902195,3.4273731023969076,48622.74825072457,3.2297964452948813,None
2026-05-13,105.76000213623047,6575.31982421875,4625.2001953125,34.08671154333845,3.4269880177019005,48637.055444876896,2.131991135515495,None
2026-05-14,105.76000213623047,6575.31982421875,4625.2001953125,34.02873998700023,3.4252617447024925,48593.44849427761,5.509281476309933,None
2026-05-15,105.76000213623047,6575.31982421875,4625.2001953125,33.98904803874034,3.434098344077359,48457.38097010288,12.745100757475937,None
2026-05-16,105.76000213623047,6575.31982421875,4625.2001953125,34.231435902562716,3.4406215728614935,48489.20896031077,0.0,None
2026-05-17,105.76000213623047,6575.31982421875,4625.2001953125,34.34170777583116,3.4248576512916507,48544.405702365075,0.0,None
2026-05-18,105.76000213623047,6575.31982421875,4625.2001953125,34.02330879451179,3.4396230547889095,48436.25908058798,5.823804206182584,None
2026-05-19,105.76000213623047,6575.31982421875,4625.2001953125,34.23230679992325,3.4534239683303842,48395.77254535248,5.2544385092800905,None
2026-05-20,105.76000213623047,6575.31982421875,4625.2001953125,34.124227999556695,3.447168341315289,48436.73025840275,5.866708321852041,None
2026-05-21,105.76000213623047,6575.31982421875,4625.2001953125,34.15429309288197,3.451126376649663,48549.605031888335,6.219765989542501,None
2026-05-22,105.76000213623047,6575.31982421875,4625.2001953125,34.15790331779111,3.4560666785124905,48560.6447172721,3.8839887268259745,None
2026-05-23,105.76000213623047,6575.31982421875,4625.2001953125,34.14529690070984,3.4586734161707295,48534.24457021065,12.449317193010412,None
2026-05-24,105.76000213623047,6575.31982421875,4625.2001953125,34.251509859523416,3.453170364632275,48535.0997481554,0.0,None
2026-05-25,105.76000213623047,6575.31982421875,4625.2001953125,34.17892490166512,3.446454130952895,48613.84356911281,0.8575148760987696,None
2026-05-26,105.76000213623047,6575.31982421875,4625.2001953125,34.304820143010055,3.44619859024298,48591.54536015658,4.483726199254763,None
2026-05-27,105.76000213623047,6575.31982421875,4625.2001953125,34.288889151610206,3.457925880435574,48561.58575982408,0.0,None
2026-05-28,105.76000213623047,6575.31982421875,4625.2001953125,34.286532035316306,3.4633618819815184,48547.44858371497,4.120727977839644,None
2026-05-29,105.76000213623047,6575.31982421875,4625.2001953125,34.236550947339126,3.4596557386606572,48509.78215330204,13.307350828640091,None
2026-05-30,105.76000213623047,6575.31982421875,4625.2001953125,34.286868275994436,3.4673727257671407,48525.91566910178,5.104432441479809,None
2026-05-31,105.76000213623047,6575.31982421875,4625.2001953125,34.43767108486292,3.43888729956084,48617.14959202526,6.153504528593418,None
2026-06-01,105.76000213623047,6575.31982421875,4625.2001953125,34.43014934249667,3.450374956564561,48643.30355568106,0.0,None
2026-06-02,105.76000213623047,6575.31982421875,4625.2001953125,34.300557339157514,3.43297781877678,48640.68588057474,1.9181929598026128,None
2026-06-03,105.76000213623047,6575.31982421875,4625.2001953125,34.426821207544144,3.4293534093627485,48636.095317128966,3.124018098380315,None
2026-06-04,105.76000213623047,6575.31982421875,4625.2001953125,34.510911801120876,3.418156710416487,48567.93577669413,3.4114245162188297,None
2026-06-05,105.76000213623047,6575.31982421875,4625.2001953125,34.288017631026875,3.405209895659278,48622.09126555149,11.408218975018844,None
2026-06-06,105.76000213623047,6575.31982421875,4625.2001953125,34.52876900799313,3.4168181635330632,48628.19940570085,7.788455303625623,None
2026-06-07,105.76000213623047,6575.31982421875,4625.2001953125,34.427924848381444,3.4121411515199442,48629.17541002132,0.0,None
2026-06-08,105.76000213623047,6575.31982421875,4625.2001953125,34.571270230665085,3.4156061903372517,48798.830788413565,6.232523892160025,None
2026-06-09,105.76000213623047,6575.31982421875,4625.2001953125,34.45816584683741,3.4151369845484596,48823.76843383185,7.4911087424839256,None
2026-06-10,105.76000213623047,6575.31982421875,4625.2001953125,34.37453242811689,3.419907392820691,48796.17888132709,10.700745192606332,None
2026-06-11,105.76000213623047,6575.31982421875,4625.2001953125,34.41303183337651,3.4206756117312933,48784.86100151681,12.902703432841868,None
2026-06-12,105.76000213623047,6575.31982421875,4625.2001953125,34.6015855346227,3.407845689489408,48852.28328697665,0.0,None
2026-06-13,105.76000213623047,6575.31982421875,4625.2001953125,34.643954617356506,3.4178083576838794,48867.94680750354,0.9457124439483087,None
2026-06-14,105.76000213623047,6575.31982421875,4625.2001953125,34.548959123001524,3.4128707918522663,48806.032908587666,0.0,None
2026-06-15,105.76000213623047,6575.31982421875,4625.2001953125,34.72485015951203,3.3973049728656686,48861.99435531643,3.8299007044650932,None
2026-06-16,105.76000213623047,6575.31982421875,4625.2001953125,34.51661926210117,3.3930238212560093,48838.58715103948,7.331791872231673,None
2026-06-17,105.76000213623047,6575.31982421875,4625.2001953125,34.69811229069186,3.4080314191623526,48942.252039850355,9.936672582945508,None
2026-06-18,105.76000213623047,6575.31982421875,4625.2001953125,34.605724631649245,3.4165336365834875,49006.25444313609,4.620244881787386,None
2026-06-19,105.76000213623047,6575.31982421875,4625.2001953125,34.683893848605905,3.413047115239409,48993.88834835315,3.4007623837257803,None
2026-06-20,105.76000213623047,6575.31982421875,4625.2001953125,34.77620193161495,3.4095545381962244,49067.93916643991,5.758789961243702,None
2026-06-21,105.76000213623047,6575.31982421875,4625.2001953125,34.70792683011581,3.406338187684051,49081.33194196628,0.824285491849885,None
2026-06-22,105.76000213623047,6575.31982421875,4625.2001953125,34.77812824658179,3.427105667519659,49133.97062572239,15.447693608473866,None
2026-06-23,105.76000213623047,6575.31982421875,4625.2001953125,34.93992622539204,3.4309250220419747,49168.20726658711,0.0,None
2026-06-24,105.76000213623047,6575.31982421875,4625.2001953125,34.804406335156486,3.435225438513885,49135.88943383757,5.923702894478622,None
2026-06-25,105.76000213623047,6575.31982421875,4625.2001953125,34.96853662477382,3.4455282730542036,49113.71194222169,15.118031096148197,None
2026-06-26,105.76000213623047,6575.31982421875,4625.2001953125,34.79492977405262,3.447916164644469,49175.20998310075,5.033999222799989,None
2026-06-27,105.76000213623047,6575.31982421875,4625.2001953125,34.98386288591444,3.445325743186262,49168.471216495425,4.049804824992528,None
2026-06-28,105.76000213623047,6575.31982421875,4625.2001953125,35.09805808357766,3.443362244695412,49158.288793333326,3.212772885947864,None
2026-06-29,105.76000213623047,6575.31982421875,4625.2001953125,34.72978003226896,3.4426462321012714,49120.53266436586,4.098041591187961,None
2026-06-30,105.76000213623047,6575.31982421875,4625.2001953125,34.920310474452954,3.442274009736173,49151.712617645535,11.864242373382652,None
